INSERT INTO `colaborador` (`id_colaborador`, `nombre`, `apellidos`, `fechaNacimiento`, `telefono`, `puesto`, `email`, `contrasena`, `fechaIngreso`, `fechaSalida`, `ubicacion`, `modalidad`, `estado`, `foto`, `curp`, `rfc`) VALUES('1', 'Colline', 'Hargie', '1901-06-06', 4167253869, 'Marketing Manager', 'chargie0@cam.ac.uk', '$2a$04$NjfPVZfzV/V0KYPm2qHHyuwAKTFhSkhbyp5uvpHBmot5DritL9FPG', '2020-07-11', NULL, 'Suite 79', 1, 0, 'http://dummyimage.com/212x100.png/cc0000/ffffff', 'HARC010606MDFRRL09', 'HAR010606DF1');
INSERT INTO `colaborador` (`id_colaborador`, `nombre`, `apellidos`, `fechaNacimiento`, `telefono`, `puesto`, `email`, `contrasena`, `fechaIngreso`, `fechaSalida`, `ubicacion`, `modalidad`, `estado`, `foto`, `curp`, `rfc`) VALUES('10', 'Ana', 'Gómez', '1985-08-12', 5559876543, 'Diseñadora', 'ana.gomez@email.com', 'abcdef', '2024-02-15', NULL, 'Guadalajara', 0, 0, NULL, 'CURP654321DEF', 'RFC654321DEF');
INSERT INTO `colaborador` (`id_colaborador`, `nombre`, `apellidos`, `fechaNacimiento`, `telefono`, `puesto`, `email`, `contrasena`, `fechaIngreso`, `fechaSalida`, `ubicacion`, `modalidad`, `estado`, `foto`, `curp`, `rfc`) VALUES('11', 'Luis', 'Martínez', '1993-11-25', 5558765432, 'Analista', 'luis.martinez@email.com', '1a2b3c', '2023-12-10', NULL, 'Monterrey', 0, 0, NULL, 'CURP789123GHI', 'RFC789123GHI');
INSERT INTO `colaborador` (`id_colaborador`, `nombre`, `apellidos`, `fechaNacimiento`, `telefono`, `puesto`, `email`, `contrasena`, `fechaIngreso`, `fechaSalida`, `ubicacion`, `modalidad`, `estado`, `foto`, `curp`, `rfc`) VALUES('2', 'Lawton', 'Kemmer', '1998-11-03', 1557772968, 'Recruiting Manager', 'lkemmer1@craigslist.org', '$2a$04$LqayJSuLd7cs3.DPI7OtsOcJ4fF6ZOooDgqG21Pe7A8YE1X9qfZpS', '2020-12-28', NULL, 'Apt 1368', 2, 1, 'http://dummyimage.com/183x100.png/5fa2dd/ffffff', 'KEML981103HDFLML03', 'KEM981103DF2');
INSERT INTO `colaborador` (`id_colaborador`, `nombre`, `apellidos`, `fechaNacimiento`, `telefono`, `puesto`, `email`, `contrasena`, `fechaIngreso`, `fechaSalida`, `ubicacion`, `modalidad`, `estado`, `foto`, `curp`, `rfc`) VALUES('3', 'Pren', 'Mossbee', '1965-05-13', 9466658296, 'Nurse', 'pmossbee2@booking.com', '$2a$04$x42jCGf7Bm0GFJzA.FMLyeLbUMYxMFGIHEd7KTaQ7odR.DLfE6sIS', '2021-07-10', '2023-04-22', 'Suite 13', 2, 1, 'http://dummyimage.com/126x100.png/dddddd/000000', 'MOSP650513MDFSRN02', 'MOS650513DF3');
INSERT INTO `colaborador` (`id_colaborador`, `nombre`, `apellidos`, `fechaNacimiento`, `telefono`, `puesto`, `email`, `contrasena`, `fechaIngreso`, `fechaSalida`, `ubicacion`, `modalidad`, `estado`, `foto`, `curp`, `rfc`) VALUES('4', 'Ignaz', 'Oman', '1916-08-26', 8723088361, 'Developer I', 'ioman3@mozilla.org', '$2a$04$JhrqUC6R.n/bHZkKa9vA2.2OFxJ3XJmDO2EeC3i5oh8rS84JK6/DC', '2021-09-11', '2024-10-12', '15th Floor', 2, 1, 'http://dummyimage.com/212x100.png/ff4444/ffffff', 'OMAI160826HDFNMT04', 'OMA160826DF4');
INSERT INTO `colaborador` (`id_colaborador`, `nombre`, `apellidos`, `fechaNacimiento`, `telefono`, `puesto`, `email`, `contrasena`, `fechaIngreso`, `fechaSalida`, `ubicacion`, `modalidad`, `estado`, `foto`, `curp`, `rfc`) VALUES('5', 'Delly', 'Blenkiron', '1942-11-12', 2037683976, 'Biostatistician I', 'dblenkiron4@yahoo.com', '$2a$04$Ae5c5CjfWful1KCpOnGefOy1IHH45BRg55as9gBVtOcGcsV6eQ94a', '2021-06-28', NULL, '11th Floor', 1, 1, 'http://dummyimage.com/131x100.png/5fa2dd/ffffff', 'BLED421112MDFGLT05', 'BLE421112DF5');
INSERT INTO `colaborador` (`id_colaborador`, `nombre`, `apellidos`, `fechaNacimiento`, `telefono`, `puesto`, `email`, `contrasena`, `fechaIngreso`, `fechaSalida`, `ubicacion`, `modalidad`, `estado`, `foto`, `curp`, `rfc`) VALUES('6', 'Tatum', 'Ogilvie', '1901-02-13', 1789217558, 'Director of Sales', 'togilvie5@nytimes.com', '$2a$04$zmAUQhjRdh0PrM.2H.IQ6.MFeK/bIcuSAA4E4HwKSVY47wOcpq9uO', '2020-05-03', NULL, 'Room 568', 2, 0, 'http://dummyimage.com/101x100.png/dddddd/000000', 'OGIT010213HDFKNT06', 'OGI010213DF6');
INSERT INTO `colaborador` (`id_colaborador`, `nombre`, `apellidos`, `fechaNacimiento`, `telefono`, `puesto`, `email`, `contrasena`, `fechaIngreso`, `fechaSalida`, `ubicacion`, `modalidad`, `estado`, `foto`, `curp`, `rfc`) VALUES('7', 'Coleman', 'Glentworth', '1959-06-22', 2245053094, 'VP Product Management', 'cglentworth6@aboutads.info', '$2a$04$dO7yO1w2aSBZ4yIMOxFB9esp/.6QLh0ySphXHDu.rOanqBhJMAnfi', '2021-04-12', '2023-05-18', '5th Floor', 1, 0, 'http://dummyimage.com/246x100.png/5fa2dd/ffffff', 'GLEC590622MDFPKT07', 'GLE590622DF7');
INSERT INTO `colaborador` (`id_colaborador`, `nombre`, `apellidos`, `fechaNacimiento`, `telefono`, `puesto`, `email`, `contrasena`, `fechaIngreso`, `fechaSalida`, `ubicacion`, `modalidad`, `estado`, `foto`, `curp`, `rfc`) VALUES('8', 'Paolina', 'Farlham', '1986-04-14', 2702381184, 'Accounting Assistant II', 'pfarlham7@jugem.jp', '$2a$04$q8mIsy00WhBeE3OwAofLLu9E1xXdaN04jOvutRZAKuLbTyoeYOWVm', '2021-06-26', '2025-03-01', 'Room 469', 2, 1, 'http://dummyimage.com/238x100.png/ff4444/ffffff', 'FARP860414MDFSRM08', 'FAR860414DF8');
INSERT INTO `colaborador` (`id_colaborador`, `nombre`, `apellidos`, `fechaNacimiento`, `telefono`, `puesto`, `email`, `contrasena`, `fechaIngreso`, `fechaSalida`, `ubicacion`, `modalidad`, `estado`, `foto`, `curp`, `rfc`) VALUES('9', 'Juan', 'Pérez', '1990-05-20', 5551234567, 'Desarrollador', 'juan.perez@email.com', '123456', '2024-03-01', NULL, 'CDMX', 0, 0, NULL, 'CURP123456ABC', 'RFC123456ABC');

INSERT INTO `departamento` (`id_departamento`, `nombre_departamento`, `id_empresa`) VALUES(1, 'Recursos Humanos', '1');
INSERT INTO `departamento` (`id_departamento`, `nombre_departamento`, `id_empresa`) VALUES(2, 'Finanzas', '1');
INSERT INTO `departamento` (`id_departamento`, `nombre_departamento`, `id_empresa`) VALUES(3, 'Tecnología de la Información', '1');
INSERT INTO `departamento` (`id_departamento`, `nombre_departamento`, `id_empresa`) VALUES(4, 'Ventas', '1');
INSERT INTO `departamento` (`id_departamento`, `nombre_departamento`, `id_empresa`) VALUES(5, 'Marketing', '1');
INSERT INTO `departamento` (`id_departamento`, `nombre_departamento`, `id_empresa`) VALUES(6, 'Logística', '1');
INSERT INTO `departamento` (`id_departamento`, `nombre_departamento`, `id_empresa`) VALUES(7, 'Recursos humanos', '1');
INSERT INTO `departamento` (`id_departamento`, `nombre_departamento`, `id_empresa`) VALUES(8, 'Finanzas', '1');
INSERT INTO `departamento` (`id_departamento`, `nombre_departamento`, `id_empresa`) VALUES(9, 'Tecnología de la Información', '1');
INSERT INTO `departamento` (`id_departamento`, `nombre_departamento`, `id_empresa`) VALUES(10, 'Ventas', '1');
INSERT INTO `departamento` (`id_departamento`, `nombre_departamento`, `id_empresa`) VALUES(11, 'Marketing', '1');
INSERT INTO `departamento` (`id_departamento`, `nombre_departamento`, `id_empresa`) VALUES(12, 'Logística', '1');
INSERT INTO `departamento` (`id_departamento`, `nombre_departamento`, `id_empresa`) VALUES(13, 'Recursos humanos', '1');
INSERT INTO `departamento` (`id_departamento`, `nombre_departamento`, `id_empresa`) VALUES(14, 'Finanzas', '1');
INSERT INTO `departamento` (`id_departamento`, `nombre_departamento`, `id_empresa`) VALUES(15, 'Tecnología de la Información', '1');
INSERT INTO `departamento` (`id_departamento`, `nombre_departamento`, `id_empresa`) VALUES(16, 'Ventas', '1');
INSERT INTO `departamento` (`id_departamento`, `nombre_departamento`, `id_empresa`) VALUES(17, 'Marketing', '1');
INSERT INTO `departamento` (`id_departamento`, `nombre_departamento`, `id_empresa`) VALUES(18, 'Logística', '1');
INSERT INTO `departamento` (`id_departamento`, `nombre_departamento`, `id_empresa`) VALUES(19, 'Recursos humanos', '1');
INSERT INTO `departamento` (`id_departamento`, `nombre_departamento`, `id_empresa`) VALUES(20, 'Finanzas', '1');
INSERT INTO `departamento` (`id_departamento`, `nombre_departamento`, `id_empresa`) VALUES(21, 'Tecnología de la Información', '1');
INSERT INTO `departamento` (`id_departamento`, `nombre_departamento`, `id_empresa`) VALUES(22, 'Ventas', '1');
INSERT INTO `departamento` (`id_departamento`, `nombre_departamento`, `id_empresa`) VALUES(23, 'Marketing', '1');
INSERT INTO `departamento` (`id_departamento`, `nombre_departamento`, `id_empresa`) VALUES(24, 'Logística', '1');
INSERT INTO `departamento` (`id_departamento`, `nombre_departamento`, `id_empresa`) VALUES(25, 'Recursos humanos', '1');
INSERT INTO `departamento` (`id_departamento`, `nombre_departamento`, `id_empresa`) VALUES(26, 'Finanzas', '1');
INSERT INTO `departamento` (`id_departamento`, `nombre_departamento`, `id_empresa`) VALUES(27, 'Tecnología de la Información', '1');
INSERT INTO `departamento` (`id_departamento`, `nombre_departamento`, `id_empresa`) VALUES(28, 'Ventas', '1');
INSERT INTO `departamento` (`id_departamento`, `nombre_departamento`, `id_empresa`) VALUES(29, 'Marketing', '1');
INSERT INTO `departamento` (`id_departamento`, `nombre_departamento`, `id_empresa`) VALUES(30, 'Logística', '1');


INSERT INTO `dias_solicitados` (`id_solicitud_falta`, `fecha`) VALUES(1, '2025-03-17');
INSERT INTO `dias_solicitados` (`id_solicitud_falta`, `fecha`) VALUES(2, '2025-02-06');

INSERT INTO `empresa` (`id_empresa`, `nombre_empresa`) VALUES(1, 'Nuclea');
INSERT INTO `empresa` (`id_empresa`, `nombre_empresa`) VALUES(2, 'NASDAQ');
INSERT INTO `empresa` (`id_empresa`, `nombre_empresa`) VALUES(3, 'NASDAQ');
INSERT INTO `empresa` (`id_empresa`, `nombre_empresa`) VALUES(4, 'NASDAQ');
INSERT INTO `empresa` (`id_empresa`, `nombre_empresa`) VALUES(5, 'NASDAQ');
INSERT INTO `empresa` (`id_empresa`, `nombre_empresa`) VALUES(6, 'NASDAQ');
INSERT INTO `empresa` (`id_empresa`, `nombre_empresa`) VALUES(7, 'NYSE');
INSERT INTO `empresa` (`id_empresa`, `nombre_empresa`) VALUES(8, 'NASDAQ');
INSERT INTO `empresa` (`id_empresa`, `nombre_empresa`) VALUES(9, 'NASDAQ');
INSERT INTO `empresa` (`id_empresa`, `nombre_empresa`) VALUES(10, 'NASDAQ');
INSERT INTO `empresa` (`id_empresa`, `nombre_empresa`) VALUES(11, 'NASDAQ');
INSERT INTO `empresa` (`id_empresa`, `nombre_empresa`) VALUES(12, 'NASDAQ');
INSERT INTO `empresa` (`id_empresa`, `nombre_empresa`) VALUES(13, 'NYSE');
INSERT INTO `empresa` (`id_empresa`, `nombre_empresa`) VALUES(14, 'NYSE');
INSERT INTO `empresa` (`id_empresa`, `nombre_empresa`) VALUES(15, 'NYSE');
INSERT INTO `empresa` (`id_empresa`, `nombre_empresa`) VALUES(16, 'NASDAQ');
INSERT INTO `empresa` (`id_empresa`, `nombre_empresa`) VALUES(17, 'NASDAQ');
INSERT INTO `empresa` (`id_empresa`, `nombre_empresa`) VALUES(18, 'NYSE');
INSERT INTO `empresa` (`id_empresa`, `nombre_empresa`) VALUES(19, 'NYSE');
INSERT INTO `empresa` (`id_empresa`, `nombre_empresa`) VALUES(20, 'NYSE');
INSERT INTO `empresa` (`id_empresa`, `nombre_empresa`) VALUES(21, 'NYSE');
INSERT INTO `empresa` (`id_empresa`, `nombre_empresa`) VALUES(22, 'NASDAQ');
INSERT INTO `empresa` (`id_empresa`, `nombre_empresa`) VALUES(23, 'NYSE');
INSERT INTO `empresa` (`id_empresa`, `nombre_empresa`) VALUES(24, 'NYSE');
INSERT INTO `empresa` (`id_empresa`, `nombre_empresa`) VALUES(25, 'NASDAQ');
INSERT INTO `empresa` (`id_empresa`, `nombre_empresa`) VALUES(26, 'NYSE');
INSERT INTO `empresa` (`id_empresa`, `nombre_empresa`) VALUES(27, 'NYSE');
INSERT INTO `empresa` (`id_empresa`, `nombre_empresa`) VALUES(28, 'NYSE');
INSERT INTO `empresa` (`id_empresa`, `nombre_empresa`) VALUES(29, 'NYSE');
INSERT INTO `empresa` (`id_empresa`, `nombre_empresa`) VALUES(30, 'NASDAQ');
INSERT INTO `empresa` (`id_empresa`, `nombre_empresa`) VALUES(31, 'NYSE');
INSERT INTO `empresa` (`id_empresa`, `nombre_empresa`) VALUES(32, 'NYSE');
INSERT INTO `empresa` (`id_empresa`, `nombre_empresa`) VALUES(33, 'NYSE');
INSERT INTO `empresa` (`id_empresa`, `nombre_empresa`) VALUES(34, 'NASDAQ');
INSERT INTO `empresa` (`id_empresa`, `nombre_empresa`) VALUES(35, 'NYSE');
INSERT INTO `empresa` (`id_empresa`, `nombre_empresa`) VALUES(36, 'NASDAQ');
INSERT INTO `empresa` (`id_empresa`, `nombre_empresa`) VALUES(37, 'NASDAQ');
INSERT INTO `empresa` (`id_empresa`, `nombre_empresa`) VALUES(38, 'NYSE');
INSERT INTO `empresa` (`id_empresa`, `nombre_empresa`) VALUES(39, 'NYSE');
INSERT INTO `empresa` (`id_empresa`, `nombre_empresa`) VALUES(40, 'NYSE');
INSERT INTO `empresa` (`id_empresa`, `nombre_empresa`) VALUES(41, 'NYSE');
INSERT INTO `empresa` (`id_empresa`, `nombre_empresa`) VALUES(42, 'NASDAQ');
INSERT INTO `empresa` (`id_empresa`, `nombre_empresa`) VALUES(43, 'NYSE');
INSERT INTO `empresa` (`id_empresa`, `nombre_empresa`) VALUES(44, 'NYSE');
INSERT INTO `empresa` (`id_empresa`, `nombre_empresa`) VALUES(45, 'NASDAQ');
INSERT INTO `empresa` (`id_empresa`, `nombre_empresa`) VALUES(46, 'NASDAQ');
INSERT INTO `empresa` (`id_empresa`, `nombre_empresa`) VALUES(47, 'NYSE');
INSERT INTO `empresa` (`id_empresa`, `nombre_empresa`) VALUES(48, 'NASDAQ');
INSERT INTO `empresa` (`id_empresa`, `nombre_empresa`) VALUES(49, 'NASDAQ');
INSERT INTO `empresa` (`id_empresa`, `nombre_empresa`) VALUES(50, 'NYSE');


INSERT INTO `evaluaciones_de_seguimiento` (`id_evaluacion`, `id_colaborador`, `fechaAgendada`, `notas`) VALUES(1, '2', '2025-03-14', NULL);
INSERT INTO `evaluaciones_de_seguimiento` (`id_evaluacion`, `id_colaborador`, `fechaAgendada`, `notas`) VALUES(2, '2', '2024-11-07', 'Namfix');
INSERT INTO `evaluaciones_de_seguimiento` (`id_evaluacion`, `id_colaborador`, `fechaAgendada`, `notas`) VALUES(3, '3', '2025-02-23', 'Ronstring');
INSERT INTO `evaluaciones_de_seguimiento` (`id_evaluacion`, `id_colaborador`, `fechaAgendada`, `notas`) VALUES(4, '4', '2024-12-23', 'Treeflex');
INSERT INTO `evaluaciones_de_seguimiento` (`id_evaluacion`, `id_colaborador`, `fechaAgendada`, `notas`) VALUES(5, '5', '2024-04-21', 'Konklab');
INSERT INTO `evaluaciones_de_seguimiento` (`id_evaluacion`, `id_colaborador`, `fechaAgendada`, `notas`) VALUES(6, '6', '2024-08-30', 'Stronghold');
INSERT INTO `evaluaciones_de_seguimiento` (`id_evaluacion`, `id_colaborador`, `fechaAgendada`, `notas`) VALUES(7, '7', '2024-06-30', 'Zoolab');
INSERT INTO `evaluaciones_de_seguimiento` (`id_evaluacion`, `id_colaborador`, `fechaAgendada`, `notas`) VALUES(8, '8', '2024-12-21', 'Pannier');
INSERT INTO `evaluaciones_de_seguimiento` (`id_evaluacion`, `id_colaborador`, `fechaAgendada`, `notas`) VALUES(9, '9', '2024-09-13', 'Matsoft');
INSERT INTO `evaluaciones_de_seguimiento` (`id_evaluacion`, `id_colaborador`, `fechaAgendada`, `notas`) VALUES(10, '10', '2025-01-14', 'Kanlam');

INSERT INTO `evento` (`id_evento`, `fecha_inicio`, `fecha_fin`, `hora_inicio`, `hora_fin`, `motivo`, `tipo`) VALUES(1, '2025-01-01', '2025-01-01', NULL, NULL, 'Año Nuevo', 'Feriado Oficial');
INSERT INTO `evento` (`id_evento`, `fecha_inicio`, `fecha_fin`, `hora_inicio`, `hora_fin`, `motivo`, `tipo`) VALUES(2, '2025-02-03', '2025-02-03', NULL, NULL, 'Día de la Constitución Mexicana', 'Feriado Oficial');
INSERT INTO `evento` (`id_evento`, `fecha_inicio`, `fecha_fin`, `hora_inicio`, `hora_fin`, `motivo`, `tipo`) VALUES(3, '2025-03-17', '2025-03-17', NULL, NULL, 'Natalicio de Benito Juárez', 'Feriado Oficial');
INSERT INTO `evento` (`id_evento`, `fecha_inicio`, `fecha_fin`, `hora_inicio`, `hora_fin`, `motivo`, `tipo`) VALUES(4, '2025-05-01', '2025-05-01', NULL, NULL, 'Día del Trabajo', 'Feriado Oficial');
INSERT INTO `evento` (`id_evento`, `fecha_inicio`, `fecha_fin`, `hora_inicio`, `hora_fin`, `motivo`, `tipo`) VALUES(5, '2025-09-16', '2025-09-16', NULL, NULL, 'Día de la Independencia', 'Feriado Oficial');
INSERT INTO `evento` (`id_evento`, `fecha_inicio`, `fecha_fin`, `hora_inicio`, `hora_fin`, `motivo`, `tipo`) VALUES(6, '2025-11-17', '2025-11-17', NULL, NULL, 'Día de la Revolución Mexicana', 'Feriado Oficial');
INSERT INTO `evento` (`id_evento`, `fecha_inicio`, `fecha_fin`, `hora_inicio`, `hora_fin`, `motivo`, `tipo`) VALUES(7, '2025-12-25', '2025-12-25', NULL, NULL, 'Navidad', 'Feriado Oficial');

INSERT INTO `fa` (`id_fa`, `id_colaborador`, `motivo`, `fecha`) VALUES(1, '6', 'Uso indebido de los recursos de la empresa', '2024-05-13');
INSERT INTO `fa` (`id_fa`, `id_colaborador`, `motivo`, `fecha`) VALUES(2, '1', 'Uso indebido de los recursos de la empresa', '2024-05-02');
INSERT INTO `fa` (`id_fa`, `id_colaborador`, `motivo`, `fecha`) VALUES(3, '8', 'Uso indebido de los recursos de la empresa', '2024-11-02');
INSERT INTO `fa` (`id_fa`, `id_colaborador`, `motivo`, `fecha`) VALUES(4, '9', 'Uso indebido de los recursos de la empresa', '2024-09-25');
INSERT INTO `fa` (`id_fa`, `id_colaborador`, `motivo`, `fecha`) VALUES(5, '8', 'Desobedecer órdenes o políticas internas.', '2024-07-24');
INSERT INTO `fa` (`id_fa`, `id_colaborador`, `motivo`, `fecha`) VALUES(6, '9', 'Uso indebido de los recursos de la empresa', '2024-12-18');
INSERT INTO `fa` (`id_fa`, `id_colaborador`, `motivo`, `fecha`) VALUES(7, '4', 'Desobedecer órdenes o políticas internas.', '2025-02-19');
INSERT INTO `fa` (`id_fa`, `id_colaborador`, `motivo`, `fecha`) VALUES(8, '3', 'Desobedecer órdenes o políticas internas.', '2024-11-25');
INSERT INTO `fa` (`id_fa`, `id_colaborador`, `motivo`, `fecha`) VALUES(9, '6', 'No cumplir con tareas asignadas de manera recurrente', '2024-03-17');
INSERT INTO `fa` (`id_fa`, `id_colaborador`, `motivo`, `fecha`) VALUES(10, '4', 'Desobedecer órdenes o políticas internas.', '2024-07-04');
INSERT INTO `fa` (`id_fa`, `id_colaborador`, `motivo`, `fecha`) VALUES(11, '1', 'Uso indebido de los recursos de la empresa', '2024-08-31');
INSERT INTO `fa` (`id_fa`, `id_colaborador`, `motivo`, `fecha`) VALUES(12, '3', 'Uso indebido de los recursos de la empresa', '2024-10-15');

INSERT INTO `indicador` (`id_indicador`, `indicador`) VALUES(1, 'Business Development');
INSERT INTO `indicador` (`id_indicador`, `indicador`) VALUES(2, 'Sales');
INSERT INTO `indicador` (`id_indicador`, `indicador`) VALUES(3, 'Research and Development');
INSERT INTO `indicador` (`id_indicador`, `indicador`) VALUES(4, 'Training');
INSERT INTO `indicador` (`id_indicador`, `indicador`) VALUES(5, 'Sales');
INSERT INTO `indicador` (`id_indicador`, `indicador`) VALUES(6, 'Legal');
INSERT INTO `indicador` (`id_indicador`, `indicador`) VALUES(7, 'Human Resources');
INSERT INTO `indicador` (`id_indicador`, `indicador`) VALUES(8, 'Training');
INSERT INTO `indicador` (`id_indicador`, `indicador`) VALUES(9, 'Accounting');
INSERT INTO `indicador` (`id_indicador`, `indicador`) VALUES(10, 'Research and Development');
INSERT INTO `indicador` (`id_indicador`, `indicador`) VALUES(11, 'Engineering');
INSERT INTO `indicador` (`id_indicador`, `indicador`) VALUES(12, 'Business Development');
INSERT INTO `indicador` (`id_indicador`, `indicador`) VALUES(13, 'Human Resources');
INSERT INTO `indicador` (`id_indicador`, `indicador`) VALUES(14, 'Human Resources');
INSERT INTO `indicador` (`id_indicador`, `indicador`) VALUES(15, 'Research and Development');
INSERT INTO `indicador` (`id_indicador`, `indicador`) VALUES(16, 'Marketing');
INSERT INTO `indicador` (`id_indicador`, `indicador`) VALUES(17, 'Services');
INSERT INTO `indicador` (`id_indicador`, `indicador`) VALUES(18, 'Legal');
INSERT INTO `indicador` (`id_indicador`, `indicador`) VALUES(19, 'Services');
INSERT INTO `indicador` (`id_indicador`, `indicador`) VALUES(20, 'Accounting');
INSERT INTO `indicador` (`id_indicador`, `indicador`) VALUES(21, 'Support');
INSERT INTO `indicador` (`id_indicador`, `indicador`) VALUES(22, 'Marketing');
INSERT INTO `indicador` (`id_indicador`, `indicador`) VALUES(23, 'Legal');
INSERT INTO `indicador` (`id_indicador`, `indicador`) VALUES(24, 'Business Development');
INSERT INTO `indicador` (`id_indicador`, `indicador`) VALUES(25, 'Sales');
INSERT INTO `indicador` (`id_indicador`, `indicador`) VALUES(26, 'Research and Development');
INSERT INTO `indicador` (`id_indicador`, `indicador`) VALUES(27, 'Research and Development');
INSERT INTO `indicador` (`id_indicador`, `indicador`) VALUES(28, 'Product Management');
INSERT INTO `indicador` (`id_indicador`, `indicador`) VALUES(29, 'Product Management');
INSERT INTO `indicador` (`id_indicador`, `indicador`) VALUES(30, 'Business Development');
INSERT INTO `indicador` (`id_indicador`, `indicador`) VALUES(31, 'Accounting');
INSERT INTO `indicador` (`id_indicador`, `indicador`) VALUES(32, 'Human Resources');
INSERT INTO `indicador` (`id_indicador`, `indicador`) VALUES(33, 'Product Management');
INSERT INTO `indicador` (`id_indicador`, `indicador`) VALUES(34, 'Human Resources');
INSERT INTO `indicador` (`id_indicador`, `indicador`) VALUES(35, 'Engineering');
INSERT INTO `indicador` (`id_indicador`, `indicador`) VALUES(36, 'Sales');
INSERT INTO `indicador` (`id_indicador`, `indicador`) VALUES(37, 'Accounting');
INSERT INTO `indicador` (`id_indicador`, `indicador`) VALUES(38, 'Business Development');
INSERT INTO `indicador` (`id_indicador`, `indicador`) VALUES(39, 'Research and Development');
INSERT INTO `indicador` (`id_indicador`, `indicador`) VALUES(40, 'Human Resources');
INSERT INTO `indicador` (`id_indicador`, `indicador`) VALUES(41, 'Legal');
INSERT INTO `indicador` (`id_indicador`, `indicador`) VALUES(42, 'Accounting');
INSERT INTO `indicador` (`id_indicador`, `indicador`) VALUES(43, 'Support');
INSERT INTO `indicador` (`id_indicador`, `indicador`) VALUES(44, 'Legal');
INSERT INTO `indicador` (`id_indicador`, `indicador`) VALUES(45, 'Services');
INSERT INTO `indicador` (`id_indicador`, `indicador`) VALUES(46, 'Accounting');
INSERT INTO `indicador` (`id_indicador`, `indicador`) VALUES(47, 'Business Development');
INSERT INTO `indicador` (`id_indicador`, `indicador`) VALUES(48, 'Accounting');
INSERT INTO `indicador` (`id_indicador`, `indicador`) VALUES(49, 'Accounting');
INSERT INTO `indicador` (`id_indicador`, `indicador`) VALUES(50, 'Sales');

INSERT INTO `metrica_indicadores` (`id_evaluacion`, `id_indicador`, `valor_metrica`) VALUES(1, 1, 21);
INSERT INTO `metrica_indicadores` (`id_evaluacion`, `id_indicador`, `valor_metrica`) VALUES(2, 2, 84);
INSERT INTO `metrica_indicadores` (`id_evaluacion`, `id_indicador`, `valor_metrica`) VALUES(3, 3, 21);
INSERT INTO `metrica_indicadores` (`id_evaluacion`, `id_indicador`, `valor_metrica`) VALUES(4, 4, 33);
INSERT INTO `metrica_indicadores` (`id_evaluacion`, `id_indicador`, `valor_metrica`) VALUES(5, 5, 91);
INSERT INTO `metrica_indicadores` (`id_evaluacion`, `id_indicador`, `valor_metrica`) VALUES(6, 6, 59);
INSERT INTO `metrica_indicadores` (`id_evaluacion`, `id_indicador`, `valor_metrica`) VALUES(7, 7, 60);
INSERT INTO `metrica_indicadores` (`id_evaluacion`, `id_indicador`, `valor_metrica`) VALUES(8, 8, 28);
INSERT INTO `metrica_indicadores` (`id_evaluacion`, `id_indicador`, `valor_metrica`) VALUES(9, 9, 17);
INSERT INTO `metrica_indicadores` (`id_evaluacion`, `id_indicador`, `valor_metrica`) VALUES(10, 10, 37);
INSERT INTO `metrica_indicadores` (`id_evaluacion`, `id_indicador`, `valor_metrica`) VALUES(11, 11, 82);
INSERT INTO `metrica_indicadores` (`id_evaluacion`, `id_indicador`, `valor_metrica`) VALUES(12, 12, 10);
INSERT INTO `metrica_indicadores` (`id_evaluacion`, `id_indicador`, `valor_metrica`) VALUES(13, 13, 56);
INSERT INTO `metrica_indicadores` (`id_evaluacion`, `id_indicador`, `valor_metrica`) VALUES(14, 14, 35);
INSERT INTO `metrica_indicadores` (`id_evaluacion`, `id_indicador`, `valor_metrica`) VALUES(15, 15, 91);
INSERT INTO `metrica_indicadores` (`id_evaluacion`, `id_indicador`, `valor_metrica`) VALUES(16, 16, 71);
INSERT INTO `metrica_indicadores` (`id_evaluacion`, `id_indicador`, `valor_metrica`) VALUES(17, 17, 99);
INSERT INTO `metrica_indicadores` (`id_evaluacion`, `id_indicador`, `valor_metrica`) VALUES(18, 18, 31);
INSERT INTO `metrica_indicadores` (`id_evaluacion`, `id_indicador`, `valor_metrica`) VALUES(19, 19, 47);
INSERT INTO `metrica_indicadores` (`id_evaluacion`, `id_indicador`, `valor_metrica`) VALUES(20, 20, 55);
INSERT INTO `metrica_indicadores` (`id_evaluacion`, `id_indicador`, `valor_metrica`) VALUES(21, 21, 85);
INSERT INTO `metrica_indicadores` (`id_evaluacion`, `id_indicador`, `valor_metrica`) VALUES(22, 22, 81);
INSERT INTO `metrica_indicadores` (`id_evaluacion`, `id_indicador`, `valor_metrica`) VALUES(23, 23, 60);
INSERT INTO `metrica_indicadores` (`id_evaluacion`, `id_indicador`, `valor_metrica`) VALUES(24, 24, 24);
INSERT INTO `metrica_indicadores` (`id_evaluacion`, `id_indicador`, `valor_metrica`) VALUES(25, 25, 28);
INSERT INTO `metrica_indicadores` (`id_evaluacion`, `id_indicador`, `valor_metrica`) VALUES(26, 26, 66);
INSERT INTO `metrica_indicadores` (`id_evaluacion`, `id_indicador`, `valor_metrica`) VALUES(27, 27, 98);
INSERT INTO `metrica_indicadores` (`id_evaluacion`, `id_indicador`, `valor_metrica`) VALUES(28, 28, 99);
INSERT INTO `metrica_indicadores` (`id_evaluacion`, `id_indicador`, `valor_metrica`) VALUES(29, 29, 78);
INSERT INTO `metrica_indicadores` (`id_evaluacion`, `id_indicador`, `valor_metrica`) VALUES(30, 30, 8);
INSERT INTO `metrica_indicadores` (`id_evaluacion`, `id_indicador`, `valor_metrica`) VALUES(31, 31, 93);
INSERT INTO `metrica_indicadores` (`id_evaluacion`, `id_indicador`, `valor_metrica`) VALUES(32, 32, 24);
INSERT INTO `metrica_indicadores` (`id_evaluacion`, `id_indicador`, `valor_metrica`) VALUES(33, 33, 82);
INSERT INTO `metrica_indicadores` (`id_evaluacion`, `id_indicador`, `valor_metrica`) VALUES(34, 34, 52);
INSERT INTO `metrica_indicadores` (`id_evaluacion`, `id_indicador`, `valor_metrica`) VALUES(35, 35, 18);
INSERT INTO `metrica_indicadores` (`id_evaluacion`, `id_indicador`, `valor_metrica`) VALUES(36, 36, 89);
INSERT INTO `metrica_indicadores` (`id_evaluacion`, `id_indicador`, `valor_metrica`) VALUES(37, 37, 35);
INSERT INTO `metrica_indicadores` (`id_evaluacion`, `id_indicador`, `valor_metrica`) VALUES(38, 38, 23);
INSERT INTO `metrica_indicadores` (`id_evaluacion`, `id_indicador`, `valor_metrica`) VALUES(39, 39, 18);
INSERT INTO `metrica_indicadores` (`id_evaluacion`, `id_indicador`, `valor_metrica`) VALUES(40, 40, 8);
INSERT INTO `metrica_indicadores` (`id_evaluacion`, `id_indicador`, `valor_metrica`) VALUES(41, 41, 80);
INSERT INTO `metrica_indicadores` (`id_evaluacion`, `id_indicador`, `valor_metrica`) VALUES(42, 42, 36);
INSERT INTO `metrica_indicadores` (`id_evaluacion`, `id_indicador`, `valor_metrica`) VALUES(43, 43, 24);
INSERT INTO `metrica_indicadores` (`id_evaluacion`, `id_indicador`, `valor_metrica`) VALUES(44, 44, 42);
INSERT INTO `metrica_indicadores` (`id_evaluacion`, `id_indicador`, `valor_metrica`) VALUES(45, 45, 11);
INSERT INTO `metrica_indicadores` (`id_evaluacion`, `id_indicador`, `valor_metrica`) VALUES(46, 46, 54);
INSERT INTO `metrica_indicadores` (`id_evaluacion`, `id_indicador`, `valor_metrica`) VALUES(47, 47, 29);
INSERT INTO `metrica_indicadores` (`id_evaluacion`, `id_indicador`, `valor_metrica`) VALUES(48, 48, 49);
INSERT INTO `metrica_indicadores` (`id_evaluacion`, `id_indicador`, `valor_metrica`) VALUES(49, 49, 12);
INSERT INTO `metrica_indicadores` (`id_evaluacion`, `id_indicador`, `valor_metrica`) VALUES(50, 50, 42);


INSERT INTO `permisos` (`nombre_permiso`, `descripcion`) VALUES('update_abscence', 'in imperdiet et commodo vulputate justo in blandit ultrices enim lorem ipsum dolor sit amet consectetuer adipiscing');
INSERT INTO `permisos` (`nombre_permiso`, `descripcion`) VALUES('consult_total_abscences', 'nisi at nibh in hac habitasse platea dictumst aliquam augue quam sollicitudin');
INSERT INTO `permisos` (`nombre_permiso`, `descripcion`) VALUES('consult_vacations_days', 'et eros vestibulum ac est lacinia nisi venenatis tristique fusce congue diam id ornare imperdiet sapien urna');
INSERT INTO `permisos` (`nombre_permiso`, `descripcion`) VALUES('consults_one_on_one', 'adipiscing lorem vitae mattis nibh ligula nec sem duis aliquam convallis');
INSERT INTO `permisos` (`nombre_permiso`, `descripcion`) VALUES('consults_holydays', 'praesent id massa id nisl venenatis lacinia aenean sit amet justo morbi ut odio cras mi pede malesuada');
INSERT INTO `permisos` (`nombre_permiso`, `descripcion`) VALUES('consults_comments_one_on_one', 'viverra diam vitae quam suspendisse potenti nullam porttitor lacus at turpis donec posuere metus vitae ipsum aliquam non');
INSERT INTO `permisos` (`nombre_permiso`, `descripcion`) VALUES('consults_pop_up_unregistered', 'ultrices posuere cubilia curae nulla dapibus dolor vel est donec odio justo sollicitudin');
INSERT INTO `permisos` (`nombre_permiso`, `descripcion`) VALUES('consults_personal_info', 'nibh ligula nec sem duis aliquam convallis nunc proin at turpis a pede posuere');
INSERT INTO `permisos` (`nombre_permiso`, `descripcion`) VALUES('consults_registered_abscences', 'ante ipsum primis in faucibus orci luctus et ultrices posuere cubilia curae nulla');
INSERT INTO `permisos` (`nombre_permiso`, `descripcion`) VALUES('deletes_one_on_one_comments', 'fermentum justo nec condimentum neque sapien placerat ante nulla justo aliquam quis turpis eget elit sodales scelerisque mauris');
INSERT INTO `permisos` (`nombre_permiso`, `descripcion`) VALUES('deletes_abscence_request', 'fusce posuere felis sed lacus morbi sem mauris laoreet ut rhoncus aliquet pulvinar sed');
INSERT INTO `permisos` (`nombre_permiso`, `descripcion`) VALUES('recieve_notifications', 'orci nullam molestie nibh in lectus pellentesque at nulla suspendisse potenti cras in purus eu magna vulputate luctus cum sociis');
INSERT INTO `permisos` (`nombre_permiso`, `descripcion`) VALUES('register_one_on_one_comments', 'dictumst etiam faucibus cursus urna ut tellus nulla ut erat id mauris vulputate elementum nullam');
INSERT INTO `permisos` (`nombre_permiso`, `descripcion`) VALUES('register_abscence_motive', 'suspendisse potenti in eleifend quam a odio in hac habitasse platea dictumst maecenas ut');
INSERT INTO `permisos` (`nombre_permiso`, `descripcion`) VALUES('register_abscence', 'lectus aliquam sit amet diam in magna bibendum imperdiet nullam orci pede venenatis non sodales sed tincidunt eu');
INSERT INTO `permisos` (`nombre_permiso`, `descripcion`) VALUES('consult_abscence_request', 'ridiculus mus vivamus vestibulum sagittis sapien cum sociis natoque penatibus et magnis dis parturient montes nascetur ridiculus mus');
INSERT INTO `permisos` (`nombre_permiso`, `descripcion`) VALUES('consult_team_abscences', 'ultrices vel augue vestibulum ante ipsum primis in faucibus orci luctus');
INSERT INTO `permisos` (`nombre_permiso`, `descripcion`) VALUES('consult_collab_abscence_evidence', 'vivamus metus arcu adipiscing molestie hendrerit at vulputate vitae nisl aenean lectus pellentesque eget nunc');
INSERT INTO `permisos` (`nombre_permiso`, `descripcion`) VALUES('consult_team_personal_info', 'posuere metus vitae ipsum aliquam non mauris morbi non lectus aliquam sit amet diam in magna bibendum imperdiet nullam');
INSERT INTO `permisos` (`nombre_permiso`, `descripcion`) VALUES('consult_team_collabs', 'velit nec nisi vulputate nonummy maecenas tincidunt lacus at velit vivamus vel nulla eget eros elementum');
INSERT INTO `permisos` (`nombre_permiso`, `descripcion`) VALUES('approve_abscences', 'a pede posuere nonummy integer non velit donec diam neque vestibulum eget vulputate ut ultrices vel');
INSERT INTO `permisos` (`nombre_permiso`, `descripcion`) VALUES('consult_all_collabs', 'libero rutrum ac lobortis vel dapibus at diam nam tristique tortor eu');
INSERT INTO `permisos` (`nombre_permiso`, `descripcion`) VALUES('consult_previews_collabs', 'convallis tortor risus dapibus augue vel accumsan tellus nisi eu orci mauris lacinia sapien quis libero nullam sit amet turpis');
INSERT INTO `permisos` (`nombre_permiso`, `descripcion`) VALUES('consult_collabs_abscences', 'vel nulla eget eros elementum pellentesque quisque porta volutpat erat');
INSERT INTO `permisos` (`nombre_permiso`, `descripcion`) VALUES('delete_collab', 'phasellus id sapien in sapien iaculis congue vivamus metus arcu adipiscing molestie hendrerit at vulputate vitae nisl aenean lectus pellentesque');
INSERT INTO `permisos` (`nombre_permiso`, `descripcion`) VALUES('delete_holyday', 'quis lectus suspendisse potenti in eleifend quam a odio in hac habitasse platea dictumst maecenas ut massa quis');
INSERT INTO `permisos` (`nombre_permiso`, `descripcion`) VALUES('delete_one_on_one', 'semper est quam pharetra magna ac consequat metus sapien ut nunc vestibulum ante ipsum primis in faucibus orci');
INSERT INTO `permisos` (`nombre_permiso`, `descripcion`) VALUES('delete_one_on_one_meeting', 'turpis sed ante vivamus tortor duis mattis egestas metus aenean fermentum donec ut mauris eget massa tempor');
INSERT INTO `permisos` (`nombre_permiso`, `descripcion`) VALUES('create_general_report', 'amet consectetuer adipiscing elit proin interdum mauris non ligula pellentesque ultrices phasellus');
INSERT INTO `permisos` (`nombre_permiso`, `descripcion`) VALUES('create_collab_report', 'neque libero convallis eget eleifend luctus ultricies eu nibh quisque id justo sit amet sapien dignissim vestibulum vestibulum ante');
INSERT INTO `permisos` (`nombre_permiso`, `descripcion`) VALUES('create_department_report', 'volutpat in congue etiam justo etiam pretium iaculis justo in hac habitasse platea dictumst etiam faucibus cursus');
INSERT INTO `permisos` (`nombre_permiso`, `descripcion`) VALUES('modify_collab', 'non mauris morbi non lectus aliquam sit amet diam in magna bibendum imperdiet nullam orci pede venenatis non sodales');
INSERT INTO `permisos` (`nombre_permiso`, `descripcion`) VALUES('register_collab', 'commodo vulputate justo in blandit ultrices enim lorem ipsum dolor');
INSERT INTO `permisos` (`nombre_permiso`, `descripcion`) VALUES('register_holyday', 'nunc purus phasellus in felis donec semper sapien a libero nam dui proin leo odio porttitor');
INSERT INTO `permisos` (`nombre_permiso`, `descripcion`) VALUES('register_one_on_one', 'non pretium quis lectus suspendisse potenti in eleifend quam a odio in hac habitasse platea dictumst maecenas ut');
INSERT INTO `permisos` (`nombre_permiso`, `descripcion`) VALUES('register_one_on_one_meeting', 'id pretium iaculis diam erat fermentum justo nec condimentum neque sapien placerat ante nulla justo aliquam quis turpis');
INSERT INTO `permisos` (`nombre_permiso`, `descripcion`) VALUES('updates_password', 'convallis duis consequat dui nec nisi volutpat eleifend donec ut dolor morbi vel lectus in quam fringilla');
-- INSERT INTO `permisos` (`nombre_permiso`, `descripcion`) VALUES('google_auth', 'posuere cubilia curae duis faucibus accumsan odio curabitur convallis duis consequat dui nec nisi volutpat');
-- INSERT INTO `permisos` (`nombre_permiso`, `descripcion`) VALUES('log_in', 'pede morbi porttitor lorem id ligula suspendisse ornare consequat lectus in est risus');
INSERT INTO `permisos` (`nombre_permiso`, `descripcion`) VALUES('register_initial_password', 'sed interdum venenatis turpis enim blandit mi in porttitor pede justo eu massa donec');
INSERT INTO `permisos` (`nombre_permiso`, `descripcion`) VALUES('recover_password', 'dui maecenas tristique est et tempus semper est quam pharetra magna ac consequat');

INSERT INTO `preguntas_evaluacion` (`id_pregunta`, `pregunta`) VALUES(1, '¿De qué estás orgulloso del mes pasado?');
INSERT INTO `preguntas_evaluacion` (`id_pregunta`, `pregunta`) VALUES(2, '¿Estás preocupado, decepcionado o estresado?');
INSERT INTO `preguntas_evaluacion` (`id_pregunta`, `pregunta`) VALUES(3, '¿En qué te encuentras trabajando?');
INSERT INTO `preguntas_evaluacion` (`id_pregunta`, `pregunta`) VALUES(4, '¿Cuál va a ser tu meta del mes?');

INSERT INTO `respuestas_pregunta` (`id_pregunta`, `id_evaluacion`, `respuesta`) VALUES(1, 1, 'pede morbi porttitor lorem id ligula suspendisse ornare consequat lectus in est risus');
INSERT INTO `respuestas_pregunta` (`id_pregunta`, `id_evaluacion`, `respuesta`) VALUES(1, 2, 'convallis duis consequat dui nec nisi volutpat eleifend donec ut dolor morbi vel lectus in quam fringilla');
INSERT INTO `respuestas_pregunta` (`id_pregunta`, `id_evaluacion`, `respuesta`) VALUES(1, 3, 'ridiculus mus vivamus vestibulum sagittis sapien cum sociis natoque penatibus et magnis dis parturient montes nascetur ridiculus mus');
INSERT INTO `respuestas_pregunta` (`id_pregunta`, `id_evaluacion`, `respuesta`) VALUES(1, 4, 'augue a suscipit nulla elit ac nulla sed vel enim sit amet nunc viverra dapibus nulla suscipit');
INSERT INTO `respuestas_pregunta` (`id_pregunta`, `id_evaluacion`, `respuesta`) VALUES(1, 5, 'dictumst etiam faucibus cursus urna ut tellus nulla ut erat id mauris vulputate elementum nullam');
INSERT INTO `respuestas_pregunta` (`id_pregunta`, `id_evaluacion`, `respuesta`) VALUES(1, 6, 'suspendisse potenti in eleifend quam a odio in hac habitasse platea dictumst maecenas ut');
INSERT INTO `respuestas_pregunta` (`id_pregunta`, `id_evaluacion`, `respuesta`) VALUES(1, 7, 'orci nullam molestie nibh in lectus pellentesque at nulla suspendisse potenti cras in purus eu magna vulputate luctus cum sociis');
INSERT INTO `respuestas_pregunta` (`id_pregunta`, `id_evaluacion`, `respuesta`) VALUES(1, 8, 'a pede posuere nonummy integer non velit donec diam neque vestibulum eget vulputate ut ultrices vel');
INSERT INTO `respuestas_pregunta` (`id_pregunta`, `id_evaluacion`, `respuesta`) VALUES(1, 9, 'vivamus metus arcu adipiscing molestie hendrerit at vulputate vitae nisl aenean lectus pellentesque eget nunc');
INSERT INTO `respuestas_pregunta` (`id_pregunta`, `id_evaluacion`, `respuesta`) VALUES(1, 10, 'phasellus id sapien in sapien iaculis congue vivamus metus arcu adipiscing molestie hendrerit at vulputate vitae nisl aenean lectus pellentesque');
INSERT INTO `respuestas_pregunta` (`id_pregunta`, `id_evaluacion`, `respuesta`) VALUES(1, 11, 'id pretium iaculis diam erat fermentum justo nec condimentum neque sapien placerat ante nulla justo aliquam quis turpis');
INSERT INTO `respuestas_pregunta` (`id_pregunta`, `id_evaluacion`, `respuesta`) VALUES(1, 12, 'nunc purus phasellus in felis donec semper sapien a libero nam dui proin leo odio porttitor');
INSERT INTO `respuestas_pregunta` (`id_pregunta`, `id_evaluacion`, `respuesta`) VALUES(1, 13, 'amet consectetuer adipiscing elit proin interdum mauris non ligula pellentesque ultrices phasellus');
INSERT INTO `respuestas_pregunta` (`id_pregunta`, `id_evaluacion`, `respuesta`) VALUES(2, 1, 'posuere cubilia curae duis faucibus accumsan odio curabitur convallis duis consequat dui nec nisi volutpat');
INSERT INTO `respuestas_pregunta` (`id_pregunta`, `id_evaluacion`, `respuesta`) VALUES(2, 2, 'ultrices posuere cubilia curae nulla dapibus dolor vel est donec odio justo sollicitudin');
INSERT INTO `respuestas_pregunta` (`id_pregunta`, `id_evaluacion`, `respuesta`) VALUES(2, 3, 'fusce posuere felis sed lacus morbi sem mauris laoreet ut rhoncus aliquet pulvinar sed');
INSERT INTO `respuestas_pregunta` (`id_pregunta`, `id_evaluacion`, `respuesta`) VALUES(2, 4, 'cum sociis natoque penatibus et magnis dis parturient montes nascetur ridiculus mus vivamus vestibulum sagittis sapien cum sociis natoque');
INSERT INTO `respuestas_pregunta` (`id_pregunta`, `id_evaluacion`, `respuesta`) VALUES(2, 5, 'viverra diam vitae quam suspendisse potenti nullam porttitor lacus at turpis donec posuere metus vitae ipsum aliquam non');
INSERT INTO `respuestas_pregunta` (`id_pregunta`, `id_evaluacion`, `respuesta`) VALUES(2, 6, 'ante ipsum primis in faucibus orci luctus et ultrices posuere cubilia curae nulla');
INSERT INTO `respuestas_pregunta` (`id_pregunta`, `id_evaluacion`, `respuesta`) VALUES(2, 7, 'ultrices vel augue vestibulum ante ipsum primis in faucibus orci luctus');
INSERT INTO `respuestas_pregunta` (`id_pregunta`, `id_evaluacion`, `respuesta`) VALUES(2, 8, 'sed tincidunt eu felis fusce posuere felis sed lacus morbi sem mauris laoreet');
INSERT INTO `respuestas_pregunta` (`id_pregunta`, `id_evaluacion`, `respuesta`) VALUES(2, 9, 'cursus id turpis integer aliquet massa id lobortis convallis tortor risus dapibus augue vel accumsan tellus nisi');
INSERT INTO `respuestas_pregunta` (`id_pregunta`, `id_evaluacion`, `respuesta`) VALUES(2, 10, 'non mauris morbi non lectus aliquam sit amet diam in magna bibendum imperdiet nullam orci pede venenatis non sodales');
INSERT INTO `respuestas_pregunta` (`id_pregunta`, `id_evaluacion`, `respuesta`) VALUES(2, 11, 'turpis sed ante vivamus tortor duis mattis egestas metus aenean fermentum donec ut mauris eget massa tempor');
INSERT INTO `respuestas_pregunta` (`id_pregunta`, `id_evaluacion`, `respuesta`) VALUES(2, 12, 'quis lectus suspendisse potenti in eleifend quam a odio in hac habitasse platea dictumst maecenas ut massa quis');
INSERT INTO `respuestas_pregunta` (`id_pregunta`, `id_evaluacion`, `respuesta`) VALUES(2, 13, 'vel lectus in quam fringilla rhoncus mauris enim leo rhoncus sed');
INSERT INTO `respuestas_pregunta` (`id_pregunta`, `id_evaluacion`, `respuesta`) VALUES(3, 1, 'sed interdum venenatis turpis enim blandit mi in porttitor pede justo eu massa donec');
INSERT INTO `respuestas_pregunta` (`id_pregunta`, `id_evaluacion`, `respuesta`) VALUES(3, 2, 'praesent id massa id nisl venenatis lacinia aenean sit amet justo morbi ut odio cras mi pede malesuada');
INSERT INTO `respuestas_pregunta` (`id_pregunta`, `id_evaluacion`, `respuesta`) VALUES(3, 3, 'in imperdiet et commodo vulputate justo in blandit ultrices enim lorem ipsum dolor sit amet consectetuer adipiscing');
INSERT INTO `respuestas_pregunta` (`id_pregunta`, `id_evaluacion`, `respuesta`) VALUES(3, 4, 'ante ipsum primis in faucibus orci luctus et ultrices posuere cubilia curae duis faucibus accumsan odio curabitur convallis duis consequat');
INSERT INTO `respuestas_pregunta` (`id_pregunta`, `id_evaluacion`, `respuesta`) VALUES(3, 5, 'fermentum justo nec condimentum neque sapien placerat ante nulla justo aliquam quis turpis eget elit sodales scelerisque mauris');
INSERT INTO `respuestas_pregunta` (`id_pregunta`, `id_evaluacion`, `respuesta`) VALUES(3, 6, 'et eros vestibulum ac est lacinia nisi venenatis tristique fusce congue diam id ornare imperdiet sapien urna');
INSERT INTO `respuestas_pregunta` (`id_pregunta`, `id_evaluacion`, `respuesta`) VALUES(3, 7, 'velit nec nisi vulputate nonummy maecenas tincidunt lacus at velit vivamus vel nulla eget eros elementum');
INSERT INTO `respuestas_pregunta` (`id_pregunta`, `id_evaluacion`, `respuesta`) VALUES(3, 8, 'a pede posuere nonummy integer non velit donec diam neque vestibulum eget vulputate ut ultrices');
INSERT INTO `respuestas_pregunta` (`id_pregunta`, `id_evaluacion`, `respuesta`) VALUES(3, 9, 'vel nulla eget eros elementum pellentesque quisque porta volutpat erat');
INSERT INTO `respuestas_pregunta` (`id_pregunta`, `id_evaluacion`, `respuesta`) VALUES(3, 10, 'libero rutrum ac lobortis vel dapibus at diam nam tristique tortor eu');
INSERT INTO `respuestas_pregunta` (`id_pregunta`, `id_evaluacion`, `respuesta`) VALUES(3, 11, 'non pretium quis lectus suspendisse potenti in eleifend quam a odio in hac habitasse platea dictumst maecenas ut');
INSERT INTO `respuestas_pregunta` (`id_pregunta`, `id_evaluacion`, `respuesta`) VALUES(3, 12, 'neque libero convallis eget eleifend luctus ultricies eu nibh quisque id justo sit amet sapien dignissim vestibulum vestibulum ante');
INSERT INTO `respuestas_pregunta` (`id_pregunta`, `id_evaluacion`, `respuesta`) VALUES(4, 1, 'dui maecenas tristique est et tempus semper est quam pharetra magna ac consequat');
INSERT INTO `respuestas_pregunta` (`id_pregunta`, `id_evaluacion`, `respuesta`) VALUES(4, 2, 'lectus aliquam sit amet diam in magna bibendum imperdiet nullam orci pede venenatis non sodales sed tincidunt eu');
INSERT INTO `respuestas_pregunta` (`id_pregunta`, `id_evaluacion`, `respuesta`) VALUES(4, 3, 'dictumst morbi vestibulum velit id pretium iaculis diam erat fermentum justo nec condimentum neque sapien placerat ante');
INSERT INTO `respuestas_pregunta` (`id_pregunta`, `id_evaluacion`, `respuesta`) VALUES(4, 4, 'adipiscing lorem vitae mattis nibh ligula nec sem duis aliquam convallis');
INSERT INTO `respuestas_pregunta` (`id_pregunta`, `id_evaluacion`, `respuesta`) VALUES(4, 5, 'nibh ligula nec sem duis aliquam convallis nunc proin at turpis a pede posuere');
INSERT INTO `respuestas_pregunta` (`id_pregunta`, `id_evaluacion`, `respuesta`) VALUES(4, 6, 'nisi at nibh in hac habitasse platea dictumst aliquam augue quam sollicitudin');
INSERT INTO `respuestas_pregunta` (`id_pregunta`, `id_evaluacion`, `respuesta`) VALUES(4, 7, 'posuere metus vitae ipsum aliquam non mauris morbi non lectus aliquam sit amet diam in magna bibendum imperdiet nullam');
INSERT INTO `respuestas_pregunta` (`id_pregunta`, `id_evaluacion`, `respuesta`) VALUES(4, 8, 'augue quam sollicitudin vitae consectetuer eget rutrum at lorem integer');
INSERT INTO `respuestas_pregunta` (`id_pregunta`, `id_evaluacion`, `respuesta`) VALUES(4, 9, 'commodo vulputate justo in blandit ultrices enim lorem ipsum dolor');
INSERT INTO `respuestas_pregunta` (`id_pregunta`, `id_evaluacion`, `respuesta`) VALUES(4, 10, 'convallis tortor risus dapibus augue vel accumsan tellus nisi eu orci mauris lacinia sapien quis libero nullam sit amet turpis');
INSERT INTO `respuestas_pregunta` (`id_pregunta`, `id_evaluacion`, `respuesta`) VALUES(4, 11, 'semper est quam pharetra magna ac consequat metus sapien ut nunc vestibulum ante ipsum primis in faucibus orci');
INSERT INTO `respuestas_pregunta` (`id_pregunta`, `id_evaluacion`, `respuesta`) VALUES(4, 12, 'volutpat in congue etiam justo etiam pretium iaculis justo in hac habitasse platea dictumst etiam faucibus cursus');

INSERT INTO `rol` (`id_rol`, `tipo_rol`) VALUES(1, 'Colaborador');
INSERT INTO `rol` (`id_rol`, `tipo_rol`) VALUES(2, 'Lider');
INSERT INTO `rol` (`id_rol`, `tipo_rol`) VALUES(3, 'Super Admin');

INSERT INTO `rol_permisos` (`nombre_permiso`, `id_rol`) VALUES('update_abscence', 1);
INSERT INTO `rol_permisos` (`nombre_permiso`, `id_rol`) VALUES('consult_total_abscences', 1);
INSERT INTO `rol_permisos` (`nombre_permiso`, `id_rol`) VALUES('consult_vacations_days', 1);
INSERT INTO `rol_permisos` (`nombre_permiso`, `id_rol`) VALUES('consults_one_on_one', 1);
INSERT INTO `rol_permisos` (`nombre_permiso`, `id_rol`) VALUES('consults_holydays', 1);
INSERT INTO `rol_permisos` (`nombre_permiso`, `id_rol`) VALUES('consults_comments_one_on_one', 1);
INSERT INTO `rol_permisos` (`nombre_permiso`, `id_rol`) VALUES('consults_pop_up_unregistered', 1);
INSERT INTO `rol_permisos` (`nombre_permiso`, `id_rol`) VALUES('consults_personal_info', 1);
INSERT INTO `rol_permisos` (`nombre_permiso`, `id_rol`) VALUES('consults_registered_abscences', 1);
INSERT INTO `rol_permisos` (`nombre_permiso`, `id_rol`) VALUES('deletes_one_on_one_comments', 1);
INSERT INTO `rol_permisos` (`nombre_permiso`, `id_rol`) VALUES('deletes_abscence_request', 1);
INSERT INTO `rol_permisos` (`nombre_permiso`, `id_rol`) VALUES('recieve_notifications', 1);
INSERT INTO `rol_permisos` (`nombre_permiso`, `id_rol`) VALUES('register_one_on_one_comments', 1);
INSERT INTO `rol_permisos` (`nombre_permiso`, `id_rol`) VALUES('register_abscence_motive', 1);
INSERT INTO `rol_permisos` (`nombre_permiso`, `id_rol`) VALUES('register_abscence', 1);
INSERT INTO `rol_permisos` (`nombre_permiso`, `id_rol`) VALUES('consult_abscence_request', 1);
INSERT INTO `rol_permisos` (`nombre_permiso`, `id_rol`) VALUES('consult_team_abscences', 2);
INSERT INTO `rol_permisos` (`nombre_permiso`, `id_rol`) VALUES('consult_collab_abscence_evidence', 2);
INSERT INTO `rol_permisos` (`nombre_permiso`, `id_rol`) VALUES('consult_team_personal_info', 2);
INSERT INTO `rol_permisos` (`nombre_permiso`, `id_rol`) VALUES('consult_team_collabs', 2);
INSERT INTO `rol_permisos` (`nombre_permiso`, `id_rol`) VALUES('consult_all_collabs', 3);
INSERT INTO `rol_permisos` (`nombre_permiso`, `id_rol`) VALUES('consult_previews_collabs', 3);
INSERT INTO `rol_permisos` (`nombre_permiso`, `id_rol`) VALUES('consult_collabs_abscences', 3);
INSERT INTO `rol_permisos` (`nombre_permiso`, `id_rol`) VALUES('delete_collab', 3);
INSERT INTO `rol_permisos` (`nombre_permiso`, `id_rol`) VALUES('delete_holyday', 3);
INSERT INTO `rol_permisos` (`nombre_permiso`, `id_rol`) VALUES('delete_one_on_one', 3);
INSERT INTO `rol_permisos` (`nombre_permiso`, `id_rol`) VALUES('delete_one_on_one_meeting', 3);
INSERT INTO `rol_permisos` (`nombre_permiso`, `id_rol`) VALUES('create_general_report', 3);
INSERT INTO `rol_permisos` (`nombre_permiso`, `id_rol`) VALUES('create_collab_report', 3);
INSERT INTO `rol_permisos` (`nombre_permiso`, `id_rol`) VALUES('create_department_report', 3);
INSERT INTO `rol_permisos` (`nombre_permiso`, `id_rol`) VALUES('modify_collab', 3);
INSERT INTO `rol_permisos` (`nombre_permiso`, `id_rol`) VALUES('register_collab', 3);
INSERT INTO `rol_permisos` (`nombre_permiso`, `id_rol`) VALUES('register_holyday', 3);
INSERT INTO `rol_permisos` (`nombre_permiso`, `id_rol`) VALUES('register_one_on_one', 3);
INSERT INTO `rol_permisos` (`nombre_permiso`, `id_rol`) VALUES('register_one_on_one_meeting', 3);
INSERT INTO `rol_permisos` (`nombre_permiso`, `id_rol`) VALUES('updates_password', 3);
INSERT INTO `rol_permisos` (`nombre_permiso`, `id_rol`) VALUES('register_initial_password', 1);

INSERT INTO `solicitudes_falta` (`id_solicitud_falta`, `id_colaborador`, `estado`, `tipo_falta`, `descripcion`, `ubicacion`, `evidencia`) VALUES(1, '1', 1, 'vacacion', 'viaje a japon', 'japon', NULL);
INSERT INTO `solicitudes_falta` (`id_solicitud_falta`, `id_colaborador`, `estado`, `tipo_falta`, `descripcion`, `ubicacion`, `evidencia`) VALUES(2, '1', 0, 'consulta médica', 'consulta dermatologo', 'Guadalajara', NULL);

INSERT INTO `tiene_evento` (`id_colaborador`, `id_evento`) VALUES('1', 1);
INSERT INTO `tiene_evento` (`id_colaborador`, `id_evento`) VALUES('1', 5);
INSERT INTO `tiene_evento` (`id_colaborador`, `id_evento`) VALUES('2', 6);
INSERT INTO `tiene_evento` (`id_colaborador`, `id_evento`) VALUES('3', 2);